recipes_original_name,category
Sambal Goreng Kering,LAUK PAUK GORENGAN
Tempe,LAUK PAUK GORENGAN
Seng Geseng,LAUK PAUK GORENGAN
Serundeng,LAUK PAUK GORENGAN
Serundeng Ikan Mudjair,LAUK PAUK GORENGAN
Serundeng Ikan Teri,LAUK PAUK GORENGAN
Serundeng Penganten,LAUK PAUK GORENGAN
Sinore,LAUK PAUK GORENGAN
Tahu Batjem Goreng,LAUK PAUK GORENGAN
Tahu Berontak,LAUK PAUK GORENGAN
Tahu Dadar,LAUK PAUK GORENGAN
Tahu Goling,LAUK PAUK GORENGAN
Tahu Goreng,LAUK PAUK GORENGAN
Tahu Goreng Bertepung,LAUK PAUK GORENGAN
Tahu Kering,LAUK PAUK GORENGAN
Tahu Ketjap,LAUK PAUK GORENGAN
Tahu Krida,LAUK PAUK GORENGAN
Tahu Lengko,LAUK PAUK GORENGAN
Tahu Masak Bawang,LAUK PAUK GORENGAN
Tahu Pong,LAUK PAUK GORENGAN
Tahu Soun,LAUK PAUK GORENGAN
Tahu Telur,LAUK PAUK GORENGAN
Tahu Tempe dan Daging Goreng,LAUK PAUK GORENGAN
Taotjo Ikan,LAUK PAUK GORENGAN
Tempe Batjem,LAUK PAUK GORENGAN
Tempe Goreng,LAUK PAUK GORENGAN
Tempe Kemul,LAUK PAUK GORENGAN
Telur Mata Sapi,LAUK PAUK GORENGAN
Tepleng Ikan Kering,LAUK PAUK GORENGAN
Teri Goreng,LAUK PAUK GORENGAN
Tjulo Tjulo,LAUK PAUK GORENGAN
Udang Isi,LAUK PAUK GORENGAN
Udang Wotjap,LAUK PAUK GORENGAN
Ujah Goreng,LAUK PAUK GORENGAN
Urutan,LAUK PAUK GORENGAN
Ajam Kodok,LAUK PAUK BAKAR
Ajam Panggang Sere Limo,LAUK PAUK BAKAR
Ajam Panggang Ketjap,LAUK PAUK BAKAR
Ajam Panggang Klaten,LAUK PAUK BAKAR
Ajam Panggang Petjel,LAUK PAUK BAKAR
Ajam Sapit,LAUK PAUK BAKAR
Bandasi,LAUK PAUK BAKAR
Bandeng Bumbu Rudjak,LAUK PAUK BAKAR
Bebek Asap,LAUK PAUK BAKAR
Bia,LAUK PAUK BAKAR
Daging Bakar,LAUK PAUK BAKAR
Djagung Djamur Padi Bakar,LAUK PAUK BAKAR
Djagung Udang Panggang,LAUK PAUK BAKAR
Gedjos Ontjom,LAUK PAUK BAKAR
Gembrot Sembukan,LAUK PAUK BAKAR
Guling,LAUK PAUK BAKAR
Ikan Bakar,LAUK PAUK BAKAR
Ikan Bungkus,LAUK PAUK BAKAR
Ikan Mas dalam Bambu,LAUK PAUK BAKAR
Ikan Pindang Goreng,LAUK PAUK BAKAR
Ikan Pepes,LAUK PAUK BAKAR
Ikan Woku,LAUK PAUK BAKAR
Ine Avau' Au,LAUK PAUK BAKAR
Ituwu,LAUK PAUK BAKAR
Jok,LAUK PAUK BAKAR
Karmanatji,LAUK PAUK BAKAR
Komoh,LAUK PAUK BAKAR
Langga Roko,LAUK PAUK BAKAR
Linting Pepes,LAUK PAUK BAKAR
Napinadar,LAUK PAUK BAKAR
Natinombur,LAUK PAUK BAKAR
Palai Badar Basah,LAUK PAUK BAKAR
Panggang Bandeng,LAUK PAUK BAKAR
Panggang Bebek Bumbu Rudjak,LAUK PAUK BAKAR
Panggang Belanak Bumbu Rudjak,LAUK PAUK BAKAR
Panggang Kalak,LAUK PAUK BAKAR
Panggang Udang,LAUK PAUK BAKAR
Patjua,LAUK PAUK BAKAR
Pelalah Manuk,LAUK PAUK BAKAR
Kampalo,DJADJANAN
Kapurung,DJADJANAN
Kararabah,DJADJANAN
Katemel,DJADJANAN
Katjang Asin,DJADJANAN
Katjang Atom,DJADJANAN
Katjang Bawang,DJADJANAN
Katjepit Mandi,DJADJANAN
Kejabu,DJADJANAN
Kekiping,DJADJANAN
Kelatak,DJADJANAN
Kelepon,DJADJANAN
Kelepon Singkong,DJADJANAN
Kelepon Ubi Djalar,DJADJANAN
Kelesong,DJADJANAN
Kelentji Si Upik,DJADJANAN
Kembang Gempol,DJADJANAN
Kembang Olang,DJADJANAN
Kembang Patjar,DJADJANAN
Kemplang,DJADJANAN
Keripik Singkong,DJADJANAN
Ketak,DJADJANAN
Ketan Goreng Pisang,DJADJANAN
Ketan Srikaja,DJADJANAN
Ketela Kurma,DJADJANAN
Ketjok Ketan,DJADJANAN
Ketjiput,DJADJANAN
Ketoprak,DJADJANAN
Ketupat Ketan,DJADJANAN
Keladan (Lidah Kuda),DJADJANAN
Klenjem,DJADJANAN
Kletji,DJADJANAN
Kluring,DJADJANAN
Kluwo Singkong,DJADJANAN
Kokole,DJADJANAN
Kolak,DJADJANAN
Kolak Kolang Kaling,DJADJANAN
Kolak Kopur,DJADJANAN
Kolak Labu Merah,DJADJANAN
Kolak Talas,DJADJANAN
Kolak Ubi Djalar,DJADJANAN
Krakeling Bandeng,DJADJANAN
Krasikan,DJADJANAN
Krawon Tjiantel,DJADJANAN
Kroket Djagung,DJADJANAN
Kroket Tempe,DJADJANAN
Krupuk Babi,DJADJANAN
Krupuk Benhur,DJADJANAN
Krupuk Gadung,DJADJANAN
Krupuk Gurih,DJADJANAN
Krupuk Kadarijah,DJADJANAN
Kue Adas,DJADJANAN
Kue Ku,DJADJANAN
Kue Ambon,DJADJANAN
Kue Aneka Rupa,DJADJANAN
Kue Apam Sailan,DJADJANAN
Kue Arai Pinang,DJADJANAN
Kue Asia,DJADJANAN
Kue Asin,DJADJANAN
Kue Bawang,DJADJANAN
Kue Bangket,DJADJANAN
Kue Basung,DJADJANAN
Kue Batang Pohon,DJADJANAN
Kue Bidji Bidji,DJADJANAN
Kue Bidji Nangka,DJADJANAN
Kue Bolu Kukus,DJADJANAN
Kue Buah'an dengan Vla,DJADJANAN
Kue Bunga Mai,DJADJANAN
Kue Chasidah,DJADJANAN
Kue Dadar,DJADJANAN
Kue Daun Daun,DJADJANAN
Kue Delapan Djam,DJADJANAN
Kue Djagung,DJADJANAN
Kue Djae,DJADJANAN
Kue Don,DJADJANAN
Kue Dwiwarna,DJADJANAN
Kue Es Paes,DJADJANAN
Kue Gandus,DJADJANAN
Kue Gapit,DJADJANAN
Kue Gelang,DJADJANAN
Kue Gemblong Kitjak,DJADJANAN
Kue Getas,DJADJANAN
Kue Gula Katjang,DJADJANAN
Kue Gulung,DJADJANAN
Kue Gundjing,DJADJANAN
Kue Havermout,DJADJANAN
Kue Inah,DJADJANAN
Kue Inang Grondol,DJADJANAN
Kue Irian,DJADJANAN
Kue Karang,DJADJANAN
Kue Karud,DJADJANAN
Kue Katen,DJADJANAN
Kue Katjamata,DJADJANAN
Kue Kekok,DJADJANAN
Kue Kelapa,DJADJANAN
Kue Kelapa Parut,DJADJANAN
Kue Kembang Gojang,DJADJANAN
Kue Kenari,DJADJANAN
Kue Kentang,DJADJANAN
Kue Kerak Kering,DJADJANAN
Kue Kering Djagung,DJADJANAN
Kue Ku Ketela,DJADJANAN
Kue Kotji,DJADJANAN
Kue Kulit Kapas,DJADJANAN
Kue Kulit Matjan Tutul,DJADJANAN
Kue Ladu,DJADJANAN
Kue Lampu,DJADJANAN
Kue Lapis,DJADJANAN
Kue Lengkitang,DJADJANAN
Kue Lidah Kutjing,DJADJANAN
Kue Lilin,DJADJANAN
Kue Lopis Djagung,DJADJANAN
Kue Lumpang,DJADJANAN
Kue Lumpur,DJADJANAN
Kue Lunak Lembut,DJADJANAN
Kue Madu Kasirat,DJADJANAN
Kue Mandala,DJADJANAN
Kue Mangkok,DJADJANAN
Kue Marhaen,DJADJANAN
Kue Mata Roda,DJADJANAN
Kue Mendut,DJADJANAN
Kue Mote,DJADJANAN
Kue Nanas,DJADJANAN
Kue Ojong,DJADJANAN
Kue Pakis Beras,DJADJANAN
Kue Panggang Beras,DJADJANAN
Kue Panili,DJADJANAN
Kue Pare,DJADJANAN
Kue Paria,DJADJANAN
Kue Pelangi,DJADJANAN
Kue Pentol,DJADJANAN
Kue Pepe,DJADJANAN
Kue Pilus,DJADJANAN
Kue Pisang,DJADJANAN
Kue Pudak,DJADJANAN
Kue Putu,DJADJANAN
Kue Rinta,DJADJANAN
Kue Rokok Rokok,DJADJANAN
Kue Rodangi,DJADJANAN
Kue Sadu,DJADJANAN
Kue Sapanjana,DJADJANAN
Kue Sakura,DJADJANAN
Kue Sangko,DJADJANAN
Kue Satelit,DJADJANAN
Kue Semprit,DJADJANAN
Kue Sengkulun,DJADJANAN
Kue Serabi Berkuah,DJADJANAN
Kue Siput Siput,DJADJANAN
Kue Sirna,DJADJANAN
Kue Sitrun,DJADJANAN
Kue Sumping,DJADJANAN
Kue Suri,DJADJANAN
Kue Sus,DJADJANAN
Kue Sus Keras,DJADJANAN
Kue Talam,DJADJANAN
Kue Talam Djagung,DJADJANAN
Kue Talam Kentang,DJADJANAN
Kue Talam Serikaja,DJADJANAN
Kue Talam Ubi Djalår,DJADJANAN
Kue Tar,DJADJANAN
Dadar Tahu Saus Tomat,LAUK PAUK GORENGAN
Daging Goreng Ketjap,LAUK PAUK GORENGAN
Dangke,LAUK PAUK GORENGAN
Dendeng Ragi,LAUK PAUK GORENGAN
Dendeng Balado,LAUK PAUK GORENGAN
Djuku Kambu,LAUK PAUK GORENGAN
Empal Pedas,LAUK PAUK GORENGAN
Ento Ento,LAUK PAUK GORENGAN
Gegepuk,LAUK PAUK GORENGAN
Gepukan Daging,LAUK PAUK GORENGAN
Gimbal Udang,LAUK PAUK GORENGAN
Goreng Basah Usus dan Babat,LAUK PAUK GORENGAN
Goreng Djagung Isi Selada,LAUK PAUK GORENGAN
Goreng Otak,LAUK PAUK GORENGAN
Goreng Perut Kambing,LAUK PAUK GORENGAN
Goreng Udang Kering,LAUK PAUK GORENGAN
Gorengan Udang Metro,LAUK PAUK GORENGAN
Gurami Bumbu Ketjap,LAUK PAUK GORENGAN
Gurami Goreng Saus Tomat,LAUK PAUK GORENGAN
Ikan Kambu,LAUK PAUK GORENGAN
Ikan Kodok,LAUK PAUK GORENGAN
Ikan Saos Tomat,LAUK PAUK GORENGAN
Ikan Tjoan Tjoan,LAUK PAUK GORENGAN
Ikan Tjuka Kering,LAUK PAUK GORENGAN
Kakap Goreng,LAUK PAUK GORENGAN
Kat Li Hie,LAUK PAUK GORENGAN
Kepiting Goreng,LAUK PAUK GORENGAN
Kering Ikan Tjumi Tjumi,LAUK PAUK GORENGAN
Keripik Bajam,LAUK PAUK GORENGAN
Keripik Tempe,LAUK PAUK GORENGAN
Krupuk Kulit,LAUK PAUK GORENGAN
Lele Siram Lombok,LAUK PAUK GORENGAN
Lengko Lengko,LAUK PAUK GORENGAN
Lento,LAUK PAUK GORENGAN
Lento Kedele,LAUK PAUK GORENGAN
Mendoan Tempe,LAUK PAUK GORENGAN
Mendjeng Tempe,LAUK PAUK GORENGAN
Mireng Udang,LAUK PAUK GORENGAN
Miswa Ajam,LAUK PAUK GORENGAN
Muarah Labu Air,LAUK PAUK GORENGAN
Mugalgal,LAUK PAUK GORENGAN
Naginatgat,LAUK PAUK GORENGAN
Ondol Ondol Teri,LAUK PAUK GORENGAN
Ontjom Goreng,LAUK PAUK GORENGAN
Otak Udang,LAUK PAUK GORENGAN
Paru Goreng,LAUK PAUK GORENGAN
Pepenjon,LAUK PAUK GORENGAN
Perkedel,LAUK PAUK GORENGAN
Perkedel Bakar,LAUK PAUK GORENGAN
Perkedel Beras Djagung,LAUK PAUK GORENGAN
Perkedel Bungkus Daun Singkong,LAUK PAUK GORENGAN
Perkedel Daging,LAUK PAUK GORENGAN
Perkedel Djagung,LAUK PAUK GORENGAN
Perkedel Goreng,LAUK PAUK GORENGAN
Perkedel Kimpul,LAUK PAUK GORENGAN
Perkedel Lombok Merah Tomat,LAUK PAUK GORENGAN
Perkedel Masam,LAUK PAUK GORENGAN
Perkedel Radjungan,LAUK PAUK GORENGAN
Perkedel Surabaja,LAUK PAUK GORENGAN
Perkedel Tahu,LAUK PAUK GORENGAN
Perkedel Talas,LAUK PAUK GORENGAN
Perkedel Tempe,LAUK PAUK GORENGAN
Perkedel Tomat,LAUK PAUK GORENGAN
Pupuk,LAUK PAUK GORENGAN
Rempah Kelapa Muda,LAUK PAUK GORENGAN
Rempah Randjungan,LAUK PAUK GORENGAN
Rempejek Katjang,LAUK PAUK GORENGAN
Rempejek Teri,LAUK PAUK GORENGAN
Rendang,LAUK PAUK GORENGAN
Rendang Daun Singkong,LAUK PAUK GORENGAN
Rendang Djengkol,LAUK PAUK GORENGAN
Rendang Minang,LAUK PAUK GORENGAN
Rendang Telur,LAUK PAUK GORENGAN
Salak Lauk,LAUK PAUK GORENGAN
Sambal Goreng Kering Ajam,LAUK PAUK GORENGAN
Kue Tar Susu,DJADJANAN
Kue Telur,DJADJANAN
Kue Telur Gabus,DJADJANAN
Kue Tepung Tapioka,DJADJANAN
Kue Terputar,DJADJANAN
Kue Tjendawan,DJADJANAN
Kue Tjintjin,DJADJANAN
Kue Tjutjur,DJADJANAN
Kue Tobuu,DJADJANAN
Kue Tumbeg,DJADJANAN
Kue Ular,DJADJANAN
Kue Wina Keras,DJADJANAN
Kue Woku Woku,DJADJANAN
Kumis,DJADJANAN
Kuping Gadjah,DJADJANAN
Kuping Tikus,DJADJANAN
Ladrang Tepung Ubi,DJADJANAN
Lapek Kembang,DJADJANAN
Lapek Sagan,DJADJANAN
Lapis Sanduk,DJADJANAN
Lapis Singkong,DJADJANAN
Lapis Susu,DJADJANAN
Las Elas,DJADJANAN
Legese,DJADJANAN
Lemeng,DJADJANAN
Lemet,DJADJANAN
Lempai,DJADJANAN
Lemet Tepung Djagung,DJADJANAN
Lemang Ketan,DJADJANAN
Lemper,DJADJANAN
Lemper Aron,DJADJANAN
Lemper Djagung Muda,DJADJANAN
Lemper Menado,DJADJANAN
Lempog,DJADJANAN
Len Olen,DJADJANAN
Lentis,DJADJANAN
Lentuk,DJADJANAN
Lepa Djagung,DJADJANAN
Lepet,DJADJANAN
Lepet Bugis,DJADJANAN
Leta,DJADJANAN
Lidah Kalo,DJADJANAN
Likak Likuk,DJADJANAN
Lingkaran Bunga,DJADJANAN
Lolise,DJADJANAN
Lompong Sagu,DJADJANAN
Londo Londo,DJADJANAN
Lonon,DJADJANAN
Lopis,DJADJANAN
Lopis Singkong,DJADJANAN
Lotek,DJADJANAN
Lumpia Singkong,DJADJANAN
Manan Sjahmin,DJADJANAN
Mantjo,DJADJANAN
Martabak,DJADJANAN
Martabak Djagung,DJADJANAN
Masubah,DJADJANAN
Masupa,DJADJANAN
Mata Sapi,DJADJANAN
Mendut Singkong,DJADJANAN
Meniran,DJADJANAN
Mento,DJADJANAN
Minjolos,DJADJANAN
Mihun Goreng,DJADJANAN
Model,DJADJANAN
Nabinolgang (Nabibi),DJADJANAN
Nagasari,DJADJANAN
Nangka Susu Merah,DJADJANAN
Nangka Susu Putih,DJADJANAN
Nanitipa,DJADJANAN
Nasi Djaba,DJADJANAN
Nasi Lamak,DJADJANAN
Nasi Pandat,DJADJANAN
Nasi Tuai,DJADJANAN
Njanak Uli,DJADJANAN
Noga,DJADJANAN
Noga Katjang,DJADJANAN
Nomsing,DJADJANAN
Olet,DJADJANAN
Oli Djepret,DJADJANAN
Botok Djagung Pakai Peda,LAUK PAUK BASAH TIDAK BERKUAH
Botok Djamur Gigit,LAUK PAUK BASAH TIDAK BERKUAH
Botok Djamur Pajung,LAUK PAUK BASAH TIDAK BERKUAH
Botok Juju,LAUK PAUK BASAH TIDAK BERKUAH
Botok Katak,LAUK PAUK BASAH TIDAK BERKUAH
Botok Kedele Hitam,LAUK PAUK BASAH TIDAK BERKUAH
Botok Kelapa Muda,LAUK PAUK BASAH TIDAK BERKUAH
Botok Lompong,LAUK PAUK BASAH TIDAK BERKUAH
Botok Lireh,LAUK PAUK BASAH TIDAK BERKUAH
Botok Mangut,LAUK PAUK BASAH TIDAK BERKUAH
Botok Mlandingan,LAUK PAUK BASAH TIDAK BERKUAH
Botok Peda,LAUK PAUK BASAH TIDAK BERKUAH
Botok Putren,LAUK PAUK BASAH TIDAK BERKUAH
Bulung Garikan,LAUK PAUK BASAH TIDAK BERKUAH
Bumbu Ares,LAUK PAUK BASAH TIDAK BERKUAH
Bumbu Djukut Daun Belimbing,LAUK PAUK BASAH TIDAK BERKUAH
Bumbu Lawar,LAUK PAUK BASAH TIDAK BERKUAH
Bumbu Rudjak,LAUK PAUK BASAH TIDAK BERKUAH
Bumbu Rudjak Pepaja Muda,LAUK PAUK BASAH TIDAK BERKUAH
Bumbu Rudjak Tahu,LAUK PAUK BASAH TIDAK BERKUAH
Bumbu Rudjak Tjamput,LAUK PAUK BASAH TIDAK BERKUAH
Bundu Ajam,LAUK PAUK BASAH TIDAK BERKUAH
Bundu Daging,LAUK PAUK BASAH TIDAK BERKUAH
Bundu Makassar,LAUK PAUK BASAH TIDAK BERKUAH
Bungkusan Tahu,LAUK PAUK BASAH TIDAK BERKUAH
Buntil,LAUK PAUK BASAH TIDAK BERKUAH
Buntil Berkuah,LAUK PAUK BASAH TIDAK BERKUAH
Buntil Danawarih,LAUK PAUK BASAH TIDAK BERKUAH
Cotelet,LAUK PAUK BASAH TIDAK BERKUAH
Conrivilet,LAUK PAUK BASAH TIDAK BERKUAH
Dabu Dabu Sesi,LAUK PAUK BASAH TIDAK BERKUAH
Daging Babi Masak Tomat,LAUK PAUK BASAH TIDAK BERKUAH
Daging Bumbu Bali,LAUK PAUK BASAH TIDAK BERKUAH
Daging Bumbu Serapah,LAUK PAUK BASAH TIDAK BERKUAH
Daging Belatjang,LAUK PAUK BASAH TIDAK BERKUAH
Daging Kukus,LAUK PAUK BASAH TIDAK BERKUAH
Daging Masak Atjeh,LAUK PAUK BASAH TIDAK BERKUAH
Daging Tjintjang Kukus,LAUK PAUK BASAH TIDAK BERKUAH
Daltja,LAUK PAUK BASAH TIDAK BERKUAH
Dendeng Ketjap,LAUK PAUK BASAH TIDAK BERKUAH
Dendeng Kelem Daging,LAUK PAUK BASAH TIDAK BERKUAH
Dengke Laean,LAUK PAUK BASAH TIDAK BERKUAH
Djagung dan Buntjis,LAUK PAUK BASAH TIDAK BERKUAH
Djagung dan Lombok Merah,LAUK PAUK BASAH TIDAK BERKUAH
Djan Hi Tjah,LAUK PAUK BASAH TIDAK BERKUAH
Ebatan,LAUK PAUK BASAH TIDAK BERKUAH
Embes Embes Dages,LAUK PAUK BASAH TIDAK BERKUAH
Entek Entek Dages,LAUK PAUK BASAH TIDAK BERKUAH
Gadon,LAUK PAUK BASAH TIDAK BERKUAH
Gadon Daging,LAUK PAUK BASAH TIDAK BERKUAH
Gadon Tahu,LAUK PAUK BASAH TIDAK BERKUAH
Gagape,LAUK PAUK BASAH TIDAK BERKUAH
Gagape Ajam,LAUK PAUK BASAH TIDAK BERKUAH
Gangsa,LAUK PAUK BASAH TIDAK BERKUAH
Gangsa Asam,LAUK PAUK BASAH TIDAK BERKUAH
Gano,LAUK PAUK BASAH TIDAK BERKUAH
Gantalan,LAUK PAUK BASAH TIDAK BERKUAH
Garang Asam (Bali),LAUK PAUK BASAH TIDAK BERKUAH
Garang Asam (Pati),LAUK PAUK BASAH TIDAK BERKUAH
Garang Asam Buntjis,LAUK PAUK BASAH TIDAK BERKUAH
Getjok,LAUK PAUK BASAH TIDAK BERKUAH
Gudeg,LAUK PAUK BASAH TIDAK BERKUAH
Gudeg Daun Singkong,LAUK PAUK BASAH TIDAK BERKUAH
Gudeg Kol Hidjau,LAUK PAUK BASAH TIDAK BERKUAH
Gudeg Manggar,LAUK PAUK BASAH TIDAK BERKUAH
Gudeg Nangka Muda,LAUK PAUK BASAH TIDAK BERKUAH
Gudeg Pisang Batu,LAUK PAUK BASAH TIDAK BERKUAH
Gudeg Pondoh,LAUK PAUK BASAH TIDAK BERKUAH
Hee Dji Kee,LAUK PAUK BASAH TIDAK BERKUAH
Hee Hie Wee,LAUK PAUK BASAH TIDAK BERKUAH
Ikan Bumbu Bali,LAUK PAUK BASAH TIDAK BERKUAH
Ikan Dalam Kerang,LAUK PAUK BASAH TIDAK BERKUAH
Ikan Ditapa,LAUK PAUK BASAH TIDAK BERKUAH
Ikan Gulung Saos Udang,LAUK PAUK BASAH TIDAK BERKUAH
Ikan Hahiru,LAUK PAUK BASAH TIDAK BERKUAH
Gulai Birah,LAUK PAUK BASAH - BERKUAH
Gulai Daun Singkong,LAUK PAUK BASAH - BERKUAH
Gulai Daun Ubi Tumbuk,LAUK PAUK BASAH - BERKUAH
Gulai Ekor Sapi,LAUK PAUK BASAH - BERKUAH
Gulai Ikan Tongkol,LAUK PAUK BASAH - BERKUAH
Gulai Kantjah,LAUK PAUK BASAH - BERKUAH
Gulai Katak,LAUK PAUK BASAH - BERKUAH
Gulai Katjang Hidjau,LAUK PAUK BASAH - BERKUAH
Gulai Kemamah,LAUK PAUK BASAH - BERKUAH
Gulai Kentang Telur,LAUK PAUK BASAH - BERKUAH
Gulai Kerupuk Djangot,LAUK PAUK BASAH - BERKUAH
Gulai Kol dan Buntjis,LAUK PAUK BASAH - BERKUAH
Gulai Korma,LAUK PAUK BASAH - BERKUAH
Gulai Korma Kambing,LAUK PAUK BASAH - BERKUAH
Gulai Labu Parang,LAUK PAUK BASAH - BERKUAH
Gulai Lemak Kuah Semak,LAUK PAUK BASAH - BERKUAH
Gulai Lemak Telur Itik,LAUK PAUK BASAH - BERKUAH
Gulai Masin,LAUK PAUK BASAH - BERKUAH
Gulai Manis Rebung,LAUK PAUK BASAH - BERKUAH
Gulai Nangka,LAUK PAUK BASAH - BERKUAH
Gulai Otak,LAUK PAUK BASAH - BERKUAH
Gulai Padeh Ajam,LAUK PAUK BASAH - BERKUAH
Gulai Padeh Daun Singkong,LAUK PAUK BASAH - BERKUAH
Gulai Pagar Puri,LAUK PAUK BASAH - BERKUAH
Gulai Pakis,LAUK PAUK BASAH - BERKUAH
Gulai Paria,LAUK PAUK BASAH - BERKUAH
Gulai Parsanga,LAUK PAUK BASAH - BERKUAH
Gulai Pisang,LAUK PAUK BASAH - BERKUAH
Gulai Pliek Ue atau Pataram,LAUK PAUK BASAH - BERKUAH
Gulai Ramas,LAUK PAUK BASAH - BERKUAH
Gulai Ramas Lengkap,LAUK PAUK BASAH - BERKUAH
Gulai Rampon,LAUK PAUK BASAH - BERKUAH
Gulai Rebung Masam,LAUK PAUK BASAH - BERKUAH
Gulai Rebung Teri Basah,LAUK PAUK BASAH - BERKUAH
Gulai Ridiak,LAUK PAUK BASAH - BERKUAH
Gulai Telur,LAUK PAUK BASAH - BERKUAH
Gulai Telur Tapak Liman,LAUK PAUK BASAH - BERKUAH
Gulai Tempe,LAUK PAUK BASAH - BERKUAH
Gulai Tundjang,LAUK PAUK BASAH - BERKUAH
Gulai Welie,LAUK PAUK BASAH - BERKUAH
Gule,LAUK PAUK BASAH - BERKUAH
Gulene Rampaue,LAUK PAUK BASAH - BERKUAH
Kalio Ajam,LAUK PAUK BASAH - BERKUAH
Kalio Daging,LAUK PAUK BASAH - BERKUAH
Kalio Djaring (Djengkol),LAUK PAUK BASAH - BERKUAH
Kalio Hati,LAUK PAUK BASAH - BERKUAH
Kare,LAUK PAUK BASAH - BERKUAH
Kare Ajam,LAUK PAUK BASAH - BERKUAH
Kare Brawidjaja,LAUK PAUK BASAH - BERKUAH
Kare Daun Singkong,LAUK PAUK BASAH - BERKUAH
Kare Kol,LAUK PAUK BASAH - BERKUAH
Kare Penju,LAUK PAUK BASAH - BERKUAH
Kare Terong,LAUK PAUK BASAH - BERKUAH
Kari Makassar,LAUK PAUK BASAH - BERKUAH
Kintuk,LAUK PAUK BASAH - BERKUAH
Lodeh,LAUK PAUK BASAH - BERKUAH
Lodeh Bajam,LAUK PAUK BASAH - BERKUAH
Lodeh Daun Singkong Karet,LAUK PAUK BASAH - BERKUAH
Lodeh Djagung Muda,LAUK PAUK BASAH - BERKUAH
Lodeh Djantung Pisang,LAUK PAUK BASAH - BERKUAH
Lodeh Ikan Tjutjut,LAUK PAUK BASAH - BERKUAH
Lodeh Kol,LAUK PAUK BASAH - BERKUAH
Lodeh Nangka Muda,LAUK PAUK BASAH - BERKUAH
Lodeh Plontjo,LAUK PAUK BASAH - BERKUAH
Lodeh Rebung,LAUK PAUK BASAH - BERKUAH
Lodeh Terong,LAUK PAUK BASAH - BERKUAH
Lodeh Waluh Djipang,LAUK PAUK BASAH - BERKUAH
Mangut Bebek,LAUK PAUK BASAH - BERKUAH
Mangut Ikan,LAUK PAUK BASAH - BERKUAH
Mangut Ikan Panggang,LAUK PAUK BASAH - BERKUAH
Mangut Palembang,LAUK PAUK BASAH - BERKUAH
Masak Hidjau,LAUK PAUK BASAH - BERKUAH
Opor Ajam,LAUK PAUK BASAH - BERKUAH
Opor Bebek,LAUK PAUK BASAH - BERKUAH
Opor Benggala,LAUK PAUK BASAH - BERKUAH
Opor Daging,LAUK PAUK BASAH - BERKUAH
Opor Nangka Muda,LAUK PAUK BASAH - BERKUAH
Opor Pare,LAUK PAUK BASAH - BERKUAH
Pa' Kadonten,LAUK PAUK BASAH - BERKUAH
Pindang Bandeng Ketjap,LAUK PAUK BASAH - BERKUAH
Aron,MAKANAN UTAMA
Arem Arem,MAKANAN UTAMA
Arem Arem Aron,MAKANAN UTAMA
Arem Arem Djagung,MAKANAN UTAMA
Djagung Bose,MAKANAN UTAMA
Djagung Titi,MAKANAN UTAMA
Hutspot,MAKANAN UTAMA
Kapusuk Nosu,MAKANAN UTAMA
Kentang Ongklok,MAKANAN UTAMA
Kentang Puri,MAKANAN UTAMA
Ketupat,MAKANAN UTAMA
Loka Dipeapi,MAKANAN UTAMA
Lontong,MAKANAN UTAMA
Lontong Djagung,MAKANAN UTAMA
Lontong/Ketupat Djagung dengan Beras,MAKANAN UTAMA
Nasi Briani,MAKANAN UTAMA
Nasi Djagung,MAKANAN UTAMA
Nasi Djagung dengan Beras,MAKANAN UTAMA
Nasi Djagung Gaplek,MAKANAN UTAMA
Nasi Djagung Nangka Muda,MAKANAN UTAMA
Nasi Djagung Ubi Kaju,MAKANAN UTAMA
Nasi Golong,MAKANAN UTAMA
Nasi Goreng,MAKANAN UTAMA
Nasi Gurih Djagung,MAKANAN UTAMA
Nasi Kebuli (Palembang),MAKANAN UTAMA
Nasi Kebuli (Medan),MAKANAN UTAMA
Nasi Kukus,MAKANAN UTAMA
Nasi Kukus (dalam Risopan),MAKANAN UTAMA
Nasi Kukus (dalam soblukan),MAKANAN UTAMA
Nasi Kuning,MAKANAN UTAMA
Nasi Liwet,MAKANAN UTAMA
Nasi Punar,MAKANAN UTAMA
Nasi Samin,MAKANAN UTAMA
Nasi Tim,MAKANAN UTAMA
Nasi Tumpang,MAKANAN UTAMA
Nasi Wuduk,MAKANAN UTAMA
Sagu Sagu,MAKANAN UTAMA
Sagu Kelapa,MAKANAN UTAMA
Stamppot Bajam dan Kangkung,MAKANAN UTAMA
Stamppot Kol Putih,MAKANAN UTAMA
Tamales,MAKANAN UTAMA
Tinotuan,MAKANAN UTAMA
Tiwul,MAKANAN UTAMA
Tiwul Djagung,MAKANAN UTAMA
Tortilla,MAKANAN UTAMA
Tortilla Guadalajara,MAKANAN UTAMA
Asem Asem,LAUK PAUK BASAH - BERKUAH
Asem Asem Buntjis,LAUK PAUK BASAH - BERKUAH
Asem Asem Tahu,LAUK PAUK BASAH - BERKUAH
Asem Asem Terong,LAUK PAUK BASAH - BERKUAH
Aunu,LAUK PAUK BASAH - BERKUAH
Brongkos,LAUK PAUK BASAH - BERKUAH
Brongkos Katjang Merah,LAUK PAUK BASAH - BERKUAH
Brongkos Tahu,LAUK PAUK BASAH - BERKUAH
Brongkos Waluh Djipang,LAUK PAUK BASAH - BERKUAH
Djambrai Sagar,LAUK PAUK BASAH - BERKUAH
Djangan Singang,LAUK PAUK BASAH - BERKUAH
Djukut Ares,LAUK PAUK BASAH - BERKUAH
Djukut Daun Belimbing,LAUK PAUK BASAH - BERKUAH
Djukut Meliklik,LAUK PAUK BASAH - BERKUAH
Djukut Mapelapah,LAUK PAUK BASAH - BERKUAH
Djukut Mapeletjing,LAUK PAUK BASAH - BERKUAH
Djukut Rambanan,LAUK PAUK BASAH - BERKUAH
Djukut Roroban,LAUK PAUK BASAH - BERKUAH
Gangan Asem Kering,LAUK PAUK BASAH - BERKUAH
Gangan Daun Mengkudu,LAUK PAUK BASAH - BERKUAH
Gangan Katjang Hidjau,LAUK PAUK BASAH - BERKUAH
Gangan Tungkul,LAUK PAUK BASAH - BERKUAH
Gangan Waluh,LAUK PAUK BASAH - BERKUAH
Gulai Ajam,LAUK PAUK BASAH - BERKUAH
Gulai Asam Pedas Ikan,LAUK PAUK BASAH - BERKUAH
Gulai Bagar,LAUK PAUK BASAH - BERKUAH
Gulai Bebek,LAUK PAUK BASAH - BERKUAH
Gulai Bebek Masak Hidjau,LAUK PAUK BASAH - BERKUAH
Ajam Masak Ambon,LAUK PAUK BASAH TIDAK BERKUAH
Ajam Masak Bugis,LAUK PAUK BASAH TIDAK BERKUAH
Ajam Masak Hidjau,LAUK PAUK BASAH TIDAK BERKUAH
Ajam Masak Paniki,LAUK PAUK BASAH TIDAK BERKUAH
Ajam Masak Santan,LAUK PAUK BASAH TIDAK BERKUAH
Ajam Pangek,LAUK PAUK BASAH TIDAK BERKUAH
Ajam Ritja,LAUK PAUK BASAH TIDAK BERKUAH
Ajam Seraki Pedas,LAUK PAUK BASAH TIDAK BERKUAH
Ajam Saos,LAUK PAUK BASAH TIDAK BERKUAH
Ang Sio Hi,LAUK PAUK BASAH TIDAK BERKUAH
Anjang Anjang,LAUK PAUK BASAH TIDAK BERKUAH
Ares,LAUK PAUK BASAH TIDAK BERKUAH
Ase,LAUK PAUK BASAH TIDAK BERKUAH
Ase Lombok,LAUK PAUK BASAH TIDAK BERKUAH
Ase Ubi Djalar,LAUK PAUK BASAH TIDAK BERKUAH
Asam Padeh,LAUK PAUK BASAH TIDAK BERKUAH
Asam Padeh Ikan,LAUK PAUK BASAH TIDAK BERKUAH
Asem Asem Pedas Udang,LAUK PAUK BASAH TIDAK BERKUAH
Asem Asem Udang,LAUK PAUK BASAH TIDAK BERKUAH
Atjar,LAUK PAUK BASAH TIDAK BERKUAH
Atjar Bawang,LAUK PAUK BASAH TIDAK BERKUAH
Atjar Bawang Merah,LAUK PAUK BASAH TIDAK BERKUAH
Atjar Buntjis,LAUK PAUK BASAH TIDAK BERKUAH
Atjar Gala Gala,LAUK PAUK BASAH TIDAK BERKUAH
Atjar Djagung Mentah,LAUK PAUK BASAH TIDAK BERKUAH
Atjar Gurami,LAUK PAUK BASAH TIDAK BERKUAH
Atjar Ikan,LAUK PAUK BASAH TIDAK BERKUAH
Atjar Ikan Bandeng,LAUK PAUK BASAH TIDAK BERKUAH
Atjar Ikan Emas,LAUK PAUK BASAH TIDAK BERKUAH
Atjar Ketimun,LAUK PAUK BASAH TIDAK BERKUAH
Atjar Ketimun dan Widjen,LAUK PAUK BASAH TIDAK BERKUAH
Atjar Ketimun tanpa Tjuka,LAUK PAUK BASAH TIDAK BERKUAH
Atjar Mentah,LAUK PAUK BASAH TIDAK BERKUAH
Atjar Ramping,LAUK PAUK BASAH TIDAK BERKUAH
Atjar Tahu,LAUK PAUK BASAH TIDAK BERKUAH
Atjar Telur,LAUK PAUK BASAH TIDAK BERKUAH
Atjar Timor,LAUK PAUK BASAH TIDAK BERKUAH
Atjar Tjampur,LAUK PAUK BASAH TIDAK BERKUAH
Atjar Tomat Mentah,LAUK PAUK BASAH TIDAK BERKUAH
Atjar Udang,LAUK PAUK BASAH TIDAK BERKUAH
Aunu Senebre,LAUK PAUK BASAH TIDAK BERKUAH
Aunuve Habre,LAUK PAUK BASAH TIDAK BERKUAH
Babi Ketjap,LAUK PAUK BASAH TIDAK BERKUAH
Babi Tijen,LAUK PAUK BASAH TIDAK BERKUAH
Bakut Masak Sajur Asin,LAUK PAUK BASAH TIDAK BERKUAH
Bau Diandjoroi,LAUK PAUK BASAH TIDAK BERKUAH
Bau Peapi,LAUK PAUK BASAH TIDAK BERKUAH
Bawang Ajam,LAUK PAUK BASAH TIDAK BERKUAH
Bawang Sebungkul,LAUK PAUK BASAH TIDAK BERKUAH
Bebek Bumbu Bali,LAUK PAUK BASAH TIDAK BERKUAH
Bebek Bumbu Mangut,LAUK PAUK BASAH TIDAK BERKUAH
Be Genjol,LAUK PAUK BASAH TIDAK BERKUAH
Beko,LAUK PAUK BASAH TIDAK BERKUAH
Belado Belut,LAUK PAUK BASAH TIDAK BERKUAH
Belado Dendeng,LAUK PAUK BASAH TIDAK BERKUAH
Belado Ikan Salai,LAUK PAUK BASAH TIDAK BERKUAH
Belado Peda,LAUK PAUK BASAH TIDAK BERKUAH
Belado Telur,LAUK PAUK BASAH TIDAK BERKUAH
Belado Teri,LAUK PAUK BASAH TIDAK BERKUAH
Berengkes Ikan,LAUK PAUK BASAH TIDAK BERKUAH
Berengkes Tempojak,LAUK PAUK BASAH TIDAK BERKUAH
Besengek,LAUK PAUK BASAH TIDAK BERKUAH
Besengek Ajam,LAUK PAUK BASAH TIDAK BERKUAH
Besengek Bebek,LAUK PAUK BASAH TIDAK BERKUAH
Besengek Daging,LAUK PAUK BASAH TIDAK BERKUAH
Besengek Tempe,LAUK PAUK BASAH TIDAK BERKUAH
Betutu,LAUK PAUK BASAH TIDAK BERKUAH
Bikia,LAUK PAUK BASAH TIDAK BERKUAH
Binde Biluhuta,LAUK PAUK BASAH TIDAK BERKUAH
Bistik Daging Saos Susu,LAUK PAUK BASAH TIDAK BERKUAH
Bistik Djerman,LAUK PAUK BASAH TIDAK BERKUAH
Bistik Ketimun,LAUK PAUK BASAH TIDAK BERKUAH
Bistik Tempe,LAUK PAUK BASAH TIDAK BERKUAH
Bong Dja Kee Ajam,LAUK PAUK BASAH TIDAK BERKUAH
Botok,LAUK PAUK BASAH TIDAK BERKUAH
Botok Ajam,LAUK PAUK BASAH TIDAK BERKUAH
Botok Bekasem,LAUK PAUK BASAH TIDAK BERKUAH
Botok Blenjik,LAUK PAUK BASAH TIDAK BERKUAH
Botok Daun Singkong,LAUK PAUK BASAH TIDAK BERKUAH
Ombus Ombus,DJADJANAN
Onde Onde,DJADJANAN
Ongklok Singkong,DJADJANAN
Ongol Ongol,DJADJANAN
Ongol Ongol Ubi,DJADJANAN
Ontbijtkoek Bekatul,DJADJANAN
Djagung,DJADJANAN
Onnouve,DJADJANAN
Opak Opak,DJADJANAN
Oran Oran,DJADJANAN
Pah Tapah,DJADJANAN
Pak Tepak,DJADJANAN
Pandut Nasi,DJADJANAN
Panggang Siti,DJADJANAN
Pangsit,DJADJANAN
Panset Cake,DJADJANAN
Pastel Bandeng,DJADJANAN
Pastel Goreng,DJADJANAN
Pastel Singkong,DJADJANAN
Pasung,DJADJANAN
Patola,DJADJANAN
Pantjua,DJADJANAN
Pehula,DJADJANAN
Pesor Aron,DJADJANAN
Pilus,DJADJANAN
Pionng Bara Pulu,DJADJANAN
Pisang Goreng,DJADJANAN
Pisang Goreng Tepung,DJADJANAN
Pisang Rai,DJADJANAN
Plenggong,DJADJANAN
Plentung,DJADJANAN
Pletjong,DJADJANAN
Pluntir,DJADJANAN
Poding Buah²an,DJADJANAN
Poding Djagung,DJADJANAN
Poding Pati Djagung,DJADJANAN
Poding Pisang,DJADJANAN
Poding Puan (Kopjor),DJADJANAN
Poding Singkong,DJADJANAN
Poding Tape,DJADJANAN
Poding Tjoklat Pakai Agar²,DJADJANAN
Poffertjes,DJADJANAN
Polenta,DJADJANAN
Ponsa,DJADJANAN
Potji,DJADJANAN
Poto Kering,DJADJANAN
Potongan Pantasi,DJADJANAN
Potu Njillem,DJADJANAN
Pozole Jalisco Style,DJADJANAN
Prol Singkong,DJADJANAN
Prol Peujeum,DJADJANAN
Pujur,DJADJANAN
Puro,DJADJANAN
Putji,DJADJANAN
Putri Basuman,DJADJANAN
Putri Kentjana,DJADJANAN
Putri Barukung,DJADJANAN
Putu Bakiris,DJADJANAN
Putu Bumbung,DJADJANAN
Putu Majang,DJADJANAN
Rangin,DJADJANAN
Ranting Kedju,DJADJANAN
Ras Karas,DJADJANAN
Rengginang,DJADJANAN
Ringging,DJADJANAN
RisoIles,DJADJANAN
RisoIes Djagung,DJADJANAN
Rondo Kemul,DJADJANAN
Rondo RoiaI,DJADJANAN
Roti Djagung,DJADJANAN
Roti Kukus dari Bekatul,DJADJANAN
Roti Manihot,DJADJANAN
Roti Manis,DJADJANAN
Roti Nanas dari Singkong,DJADJANAN
Roti Pisang,DJADJANAN
Roti Sultana,DJADJANAN
Rudjak Kangkung,DJADJANAN
Rudjak Mi,DJADJANAN
Rudjak Semanggi,DJADJANAN
Rudjak Tahu Saos Tjuka,DJADJANAN
Rudjak Tjerobo,DJADJANAN
Sagon Djagung,DJADJANAN
Sagon Ketan,DJADJANAN
Sagu Gula,DJADJANAN
Sambu Katjuk,DJADJANAN
Sampeng,DJADJANAN
Santeling,DJADJANAN
Saplak,DJADJANAN
Sari Muka,DJADJANAN
Sari Rasa Ketan,DJADJANAN
Sari Penganten,DJADJANAN
Sawut,DJADJANAN
Semar Mendem,DJADJANAN
Semorondono,DJADJANAN
Semporo,DJADJANAN
Serabi,DJADJANAN
Serabi (Madiun),DJADJANAN
Serabi Djagung,DJADJANAN
Serabi Pakai Udang,DJADJANAN
Serabi Telur,DJADJANAN
Seriping Kentang,DJADJANAN
Seriping Singkong,DJADJANAN
Setup Djambu Bidji,DJADJANAN
Singkong Selai Nanas,DJADJANAN
Sinolia (Panekoek),DJADJANAN
Siri Manis,DJADJANAN
Sigit,DJADJANAN
Slei,DJADJANAN
Slondok,DJADJANAN
Sokko Kakkala,DJADJANAN
Sorpot,DJADJANAN
Spekkoek Singkong,DJADJANAN
Spekulas,DJADJANAN
Sprit Tepung Tapioka,DJADJANAN
Srikaja Bakar,DJADJANAN
Sumpiah,DJADJANAN
Sumpit Tanah,DJADJANAN
Srikaja,DJADJANAN
Susu Eok,DJADJANAN
Susu Goreng,DJADJANAN
Susu Singkong,DJADJANAN
Taart Amandel,DJADJANAN
Taart Beschuit,DJADJANAN
Taart Buah,DJADJANAN
Taart Djantung Hati,DJADJANAN
Taart Gulung,DJADJANAN
Taart Kelapa,DJADJANAN
Taart Kelapa Muda,DJADJANAN
Taart Kedju,DJADJANAN
Taart Kopi Mocca,DJADJANAN
Taart Marmer,DJADJANAN
Taart Nasi,DJADJANAN
Taart Panili,DJADJANAN
Taart Room,DJADJANAN
Taart Semangka,DJADJANAN
Taart Singkong,DJADJANAN
Taart Singkong Buah-an,DJADJANAN
Taart Tape Singkong,DJADJANAN
Taart Tape Ubi,DJADJANAN
Taart Waluh Djipang,DJADJANAN
Tahu Bumbu Ketjap,DJADJANAN
Tahu Gedjrot,DJADJANAN
Tahu Guling,DJADJANAN
Takar Katul,DJADJANAN
Talas Manis,DJADJANAN
Tami,DJADJANAN
Tattabun,DJADJANAN
Tawonan Djagung,DJADJANAN
Tegelte,DJADJANAN
Tek Getek,DJADJANAN
Telur Belanak,DJADJANAN
Tengteng Katjang,DJADJANAN
Tetel,DJADJANAN
Timhan (Lepet),DJADJANAN
Timus,DJADJANAN
Timus Isi,DJADJANAN
Timus Panggang,DJADJANAN
Tiwul Tepung Djagung,DJADJANAN
Tjakar Ajam,DJADJANAN
Sambal Goreng Katjang Hidjau,LAUK PAUK BASAH - BERKUAH
Sambal Goreng Kemamah,LAUK PAUK BASAH - BERKUAH
Sambal Goreng Kembang Kates,LAUK PAUK BASAH - BERKUAH
Sambal Goreng Kentang,LAUK PAUK BASAH - BERKUAH
Sambal Goreng Kol,LAUK PAUK BASAH - BERKUAH
Sambal Goreng Kotok Ikan,LAUK PAUK BASAH - BERKUAH
Sambal Goreng Kretjek,LAUK PAUK BASAH - BERKUAH
Sambal Goreng Lombok,LAUK PAUK BASAH - BERKUAH
Sambal Goreng Lombok Hidjau,LAUK PAUK BASAH - BERKUAH
Sambal Goreng Panas Hati,LAUK PAUK BASAH - BERKUAH
Sambal Goreng Pepadja Muda,LAUK PAUK BASAH - BERKUAH
Sambal Goreng Perentil,LAUK PAUK BASAH - BERKUAH
Sambal Goreng Petis,LAUK PAUK BASAH - BERKUAH
Sambal Goreng Tahu,LAUK PAUK BASAH - BERKUAH
Sambal Goreng Taotjo,LAUK PAUK BASAH - BERKUAH
Sambal Goreng Telur,LAUK PAUK BASAH - BERKUAH
Sambal Goreng Telur dengan Peda,LAUK PAUK BASAH - BERKUAH
Sambal Goreng Tempe,LAUK PAUK BASAH - BERKUAH
Sambal Goreng Tomat,LAUK PAUK BASAH - BERKUAH
Sambal Goreng Terasi,LAUK PAUK BASAH - BERKUAH
Semur Ajam,LAUK PAUK BASAH - BERKUAH
Semur Bajam,LAUK PAUK BASAH - BERKUAH
Semur Daging,LAUK PAUK BASAH - BERKUAH
Semur Djengkol,LAUK PAUK BASAH - BERKUAH
Semur Goreng,LAUK PAUK BASAH - BERKUAH
Semur Ikan Tambak,LAUK PAUK BASAH - BERKUAH
Semur Kangkung,LAUK PAUK BASAH - BERKUAH
Semur Lidah,LAUK PAUK BASAH - BERKUAH
Semur Tahu,LAUK PAUK BASAH - BERKUAH
Semur Terong,LAUK PAUK BASAH - BERKUAH
Semur Ternate,LAUK PAUK BASAH - BERKUAH
Semur Tomat,LAUK PAUK BASAH - BERKUAH
Serosop,LAUK PAUK BASAH - BERKUAH
Sop Ajam,LAUK PAUK BASAH - BERKUAH
Sop Ajam dengan Djagung,LAUK PAUK BASAH - BERKUAH
Sop Bajam Keong,LAUK PAUK BASAH - BERKUAH
Sop Bawang,LAUK PAUK BASAH - BERKUAH
Sop Daging Giling dengan Djagung,LAUK PAUK BASAH - BERKUAH
Sop Djagung,LAUK PAUK BASAH - BERKUAH
Sop Djagung Pakai Tomat,LAUK PAUK BASAH - BERKUAH
Sop Djamur Pajung,LAUK PAUK BASAH - BERKUAH
Sop Ertjis,LAUK PAUK BASAH - BERKUAH
Sop Ikan,LAUK PAUK BASAH - BERKUAH
Sop Ikan Banjar,LAUK PAUK BASAH - BERKUAH
Sop Julienne,LAUK PAUK BASAH - BERKUAH
Sop Kare,LAUK PAUK BASAH - BERKUAH
Sop Katjang Hidjau,LAUK PAUK BASAH - BERKUAH
Sop Kepiting Asperges,LAUK PAUK BASAH - BERKUAH
Sop Londonderry,LAUK PAUK BASAH - BERKUAH
Sop Macaroni,LAUK PAUK BASAH - BERKUAH
Sop Ojong,LAUK PAUK BASAH - BERKUAH
Sop Sawi Telur,LAUK PAUK BASAH - BERKUAH
Sop Sarang Burung,LAUK PAUK BASAH - BERKUAH
Sop Singkong,LAUK PAUK BASAH - BERKUAH
Sop Sumsum,LAUK PAUK BASAH - BERKUAH
Sop Ternate,LAUK PAUK BASAH - BERKUAH
Sop Tomat Isi Daging,LAUK PAUK BASAH - BERKUAH
Sop Tortilla,LAUK PAUK BASAH - BERKUAH
Soto Ajam,LAUK PAUK BASAH - BERKUAH
Soto Bandung,LAUK PAUK BASAH - BERKUAH
Soto Banten,LAUK PAUK BASAH - BERKUAH
Soto Kedu,LAUK PAUK BASAH - BERKUAH
Soto Madura,LAUK PAUK BASAH - BERKUAH
Soto Pamekasan,LAUK PAUK BASAH - BERKUAH
Soto Selada Air,LAUK PAUK BASAH - BERKUAH
Tuturaga,LAUK PAUK BASAH - BERKUAH
Tuturaga Penju,LAUK PAUK BASAH - BERKUAH
Ajam Bumbu Menado,LAUK PAUK BASAH TIDAK BERKUAH
Ajam Bumbu Rudjak,LAUK PAUK BASAH TIDAK BERKUAH
Ajam Djeruk Nipis,LAUK PAUK BASAH TIDAK BERKUAH
Ajam Isi Dibulu,LAUK PAUK BASAH TIDAK BERKUAH
Ajam Makaroni,LAUK PAUK BASAH TIDAK BERKUAH
Oblok Oblok,LAUK PAUK BASAH TIDAK BERKUAH
Oblok Oblok Daun Singkong,LAUK PAUK BASAH TIDAK BERKUAH
Oblok Oblok Ontjom,LAUK PAUK BASAH TIDAK BERKUAH
Oblok Oblok Tempe Bosok,LAUK PAUK BASAH TIDAK BERKUAH
Oblok Oblok Tempe Bungkil,LAUK PAUK BASAH TIDAK BERKUAH
Orak Arik,LAUK PAUK BASAH TIDAK BERKUAH
Orak Arik Djagung,LAUK PAUK BASAH TIDAK BERKUAH
Orak Arik Peda,LAUK PAUK BASAH TIDAK BERKUAH
Orak Arik Pindang,LAUK PAUK BASAH TIDAK BERKUAH
Orem Orem,LAUK PAUK BASAH TIDAK BERKUAH
Oseng Oseng Buntjis,LAUK PAUK BASAH TIDAK BERKUAH
Oseng Oseng Daun Pakis,LAUK PAUK BASAH TIDAK BERKUAH
Oseng Oseng Djagung,LAUK PAUK BASAH TIDAK BERKUAH
Oseng Oseng Gendjer,LAUK PAUK BASAH TIDAK BERKUAH
Oseng Oseng Gesek,LAUK PAUK BASAH TIDAK BERKUAH
Oseng Oseng Kangkung,LAUK PAUK BASAH TIDAK BERKUAH
Oseng Oseng Katjan Pandjang,LAUK PAUK BASAH TIDAK BERKUAH
Oseng Oseng Kroto,LAUK PAUK BASAH TIDAK BERKUAH
Oseng Oseng Labu Siam,LAUK PAUK BASAH TIDAK BERKUAH
Oseng Oseng Lombok Hidjau,LAUK PAUK BASAH TIDAK BERKUAH
Oseng Oseng Nangka Muda,LAUK PAUK BASAH TIDAK BERKUAH
Oseng Oseng Pepaja Muda,LAUK PAUK BASAH TIDAK BERKUAH
Oseng Oseng Pare,LAUK PAUK BASAH TIDAK BERKUAH
Oseng Oseng Sawi,LAUK PAUK BASAH TIDAK BERKUAH
Oseng Oseng Tahu Pedas,LAUK PAUK BASAH TIDAK BERKUAH
Oseng Oseng Taoge,LAUK PAUK BASAH TIDAK BERKUAH
Oseng Oseng Tempe,LAUK PAUK BASAH TIDAK BERKUAH
Oseng Oseng Tjampr,LAUK PAUK BASAH TIDAK BERKUAH
Otak Otak,LAUK PAUK BASAH TIDAK BERKUAH
Otak Otak Bandeng,LAUK PAUK BASAH TIDAK BERKUAH
Otak Otak Pipih,LAUK PAUK BASAH TIDAK BERKUAH
Otak Otak Udang,LAUK PAUK BASAH TIDAK BERKUAH
Pallu Kaloa,LAUK PAUK BASAH TIDAK BERKUAH
Pallu Katji,LAUK PAUK BASAH TIDAK BERKUAH
Pallu Kesang,LAUK PAUK BASAH TIDAK BERKUAH
Pallu Konro,LAUK PAUK BASAH TIDAK BERKUAH
Pallu Mara,LAUK PAUK BASAH TIDAK BERKUAH
Pallu Mara Tjakalang,LAUK PAUK BASAH TIDAK BERKUAH
Pallu Sanroh,LAUK PAUK BASAH TIDAK BERKUAH
Pallu Tjella,LAUK PAUK BASAH TIDAK BERKUAH
Pangek Basantan,LAUK PAUK BASAH TIDAK BERKUAH
Pangek Ikan,LAUK PAUK BASAH TIDAK BERKUAH
Pangek Katjang,LAUK PAUK BASAH TIDAK BERKUAH
Papa Kambong,LAUK PAUK BASAH TIDAK BERKUAH
Papare,LAUK PAUK BASAH TIDAK BERKUAH
Papeda,LAUK PAUK BASAH TIDAK BERKUAH
Parapae,LAUK PAUK BASAH TIDAK BERKUAH
Pare Isi Bumbu Kuluban,LAUK PAUK BASAH TIDAK BERKUAH
Patjri,LAUK PAUK BASAH TIDAK BERKUAH
Peda Bumbu Santan,LAUK PAUK BASAH TIDAK BERKUAH
Peda Tim,LAUK PAUK BASAH TIDAK BERKUAH
Pelas,LAUK PAUK BASAH TIDAK BERKUAH
Pelas Belimbing,LAUK PAUK BASAH TIDAK BERKUAH
Pelas Kedele,LAUK PAUK BASAH TIDAK BERKUAH
Pelas Kentang,LAUK PAUK BASAH TIDAK BERKUAH
Pelas Tawon,LAUK PAUK BASAH TIDAK BERKUAH
Pelas Udang,LAUK PAUK BASAH TIDAK BERKUAH
Peletjing Kangkung,LAUK PAUK BASAH TIDAK BERKUAH
Peletjing Ajam,LAUK PAUK BASAH TIDAK BERKUAH
Pentjok,LAUK PAUK BASAH TIDAK BERKUAH
Pentjok Ajam,LAUK PAUK BASAH TIDAK BERKUAH
Pentjok Buwe,LAUK PAUK BASAH TIDAK BERKUAH
Pentjok Djagung,LAUK PAUK BASAH TIDAK BERKUAH
Pentjok Djagung Muda,LAUK PAUK BASAH TIDAK BERKUAH
Pentjok Djantung Pisang,LAUK PAUK BASAH TIDAK BERKUAH
Pentjok Ikan,LAUK PAUK BASAH TIDAK BERKUAH
Pentjok Ikan Lele,LAUK PAUK BASAH TIDAK BERKUAH
Pentjok Ikan Panggang,LAUK PAUK BASAH TIDAK BERKUAH
Pentjok Ketjombrang,LAUK PAUK BASAH TIDAK BERKUAH
Penjon,LAUK PAUK BASAH TIDAK BERKUAH
Pepes Daun Mangkokan,LAUK PAUK BASAH TIDAK BERKUAH
Pepes Djagung Muda,LAUK PAUK BASAH TIDAK BERKUAH
Pepes Djagung,LAUK PAUK BASAH TIDAK BERKUAH
Pepes Galendo,LAUK PAUK BASAH TIDAK BERKUAH
Pepes Ikan,LAUK PAUK BASAH TIDAK BERKUAH
Pepes Keluwak,LAUK PAUK BASAH TIDAK BERKUAH
Pepes Ketek dan Daun Mengkudu,LAUK PAUK BASAH TIDAK BERKUAH
Pepes Nasi,LAUK PAUK BASAH TIDAK BERKUAH
Ikan Kuah,LAUK PAUK BASAH TIDAK BERKUAH
Ikan Tjuka,LAUK PAUK BASAH TIDAK BERKUAH
Ikan Tjuka Ole,LAUK PAUK BASAH TIDAK BERKUAH
Jilabulo,LAUK PAUK BASAH TIDAK BERKUAH
Kantjah Ajam,LAUK PAUK BASAH TIDAK BERKUAH
Karedok,LAUK PAUK BASAH TIDAK BERKUAH
Karsigu,LAUK PAUK BASAH TIDAK BERKUAH
Kek Oang,LAUK PAUK BASAH TIDAK BERKUAH
Kekojon,LAUK PAUK BASAH TIDAK BERKUAH
Kembu Paria,LAUK PAUK BASAH TIDAK BERKUAH
Kendo Udang,LAUK PAUK BASAH TIDAK BERKUAH
Kentang Saos Tomat,LAUK PAUK BASAH TIDAK BERKUAH
Kotokan Gereh Tongkol,LAUK PAUK BASAH TIDAK BERKUAH
Kuluban,LAUK PAUK BASAH TIDAK BERKUAH
Kuluban Krema,LAUK PAUK BASAH TIDAK BERKUAH
Kuluban Lembajung,LAUK PAUK BASAH TIDAK BERKUAH
Kuluban Megono,LAUK PAUK BASAH TIDAK BERKUAH
Labu Air Isi Bakso,LAUK PAUK BASAH TIDAK BERKUAH
Labu Masak Santan,LAUK PAUK BASAH TIDAK BERKUAH
Laksa,LAUK PAUK BASAH TIDAK BERKUAH
Laksa Ajam,LAUK PAUK BASAH TIDAK BERKUAH
Laksan,LAUK PAUK BASAH TIDAK BERKUAH
Lalap Aru,LAUK PAUK BASAH TIDAK BERKUAH
Lapis Daging,LAUK PAUK BASAH TIDAK BERKUAH
Lapis Menado,LAUK PAUK BASAH TIDAK BERKUAH
Lapis Palaro,LAUK PAUK BASAH TIDAK BERKUAH
Lapis Panir dengan Kuah Susu,LAUK PAUK BASAH TIDAK BERKUAH
Lapis Portegis,LAUK PAUK BASAH TIDAK BERKUAH
Lapis Surabaja,LAUK PAUK BASAH TIDAK BERKUAH
Lapis Telur,LAUK PAUK BASAH TIDAK BERKUAH
Lauk Gadang,LAUK PAUK BASAH TIDAK BERKUAH
Lawa Manu,LAUK PAUK BASAH TIDAK BERKUAH
Lawa Udang,LAUK PAUK BASAH TIDAK BERKUAH
Lawar Ikan,LAUK PAUK BASAH TIDAK BERKUAH
Lawar Merah,LAUK PAUK BASAH TIDAK BERKUAH
Lawar Putih,LAUK PAUK BASAH TIDAK BERKUAH
Lawar Sajuran,LAUK PAUK BASAH TIDAK BERKUAH
Lempok Ikan Laut,LAUK PAUK BASAH TIDAK BERKUAH
Lidah Sapi,LAUK PAUK BASAH TIDAK BERKUAH
Linggardjati,LAUK PAUK BASAH TIDAK BERKUAH
Lombok Isi Udang,LAUK PAUK BASAH TIDAK BERKUAH
Loto,LAUK PAUK BASAH TIDAK BERKUAH
Lostro,LAUK PAUK BASAH TIDAK BERKUAH
Lumut Lumut,LAUK PAUK BASAH TIDAK BERKUAH
Lula Djakarta,LAUK PAUK BASAH TIDAK BERKUAH
Lula Makasar,LAUK PAUK BASAH TIDAK BERKUAH
Magadip,LAUK PAUK BASAH TIDAK BERKUAH
Mahbub,LAUK PAUK BASAH TIDAK BERKUAH
Malbi,LAUK PAUK BASAH TIDAK BERKUAH
Malbi Hati,LAUK PAUK BASAH TIDAK BERKUAH
Mangarsik,LAUK PAUK BASAH TIDAK BERKUAH
Manuk Dang,LAUK PAUK BASAH TIDAK BERKUAH
Masak Antep,LAUK PAUK BASAH TIDAK BERKUAH
Masak Habang,LAUK PAUK BASAH TIDAK BERKUAH
Masak Kambing,LAUK PAUK BASAH TIDAK BERKUAH
Masak Kuning,LAUK PAUK BASAH TIDAK BERKUAH
Masakan Daging,LAUK PAUK BASAH TIDAK BERKUAH
Masin,LAUK PAUK BASAH TIDAK BERKUAH
Megono,LAUK PAUK BASAH TIDAK BERKUAH
Memangut,LAUK PAUK BASAH TIDAK BERKUAH
Mesre Daging,LAUK PAUK BASAH TIDAK BERKUAH
Muluga,LAUK PAUK BASAH TIDAK BERKUAH
Musaga,LAUK PAUK BASAH TIDAK BERKUAH
Namalum Malum,LAUK PAUK BASAH TIDAK BERKUAH
Nani Arsik Arsik,LAUK PAUK BASAH TIDAK BERKUAH
Nani Gotaan,LAUK PAUK BASAH TIDAK BERKUAH
Nani Ura,LAUK PAUK BASAH TIDAK BERKUAH
Nasinorbuk,LAUK PAUK BASAH TIDAK BERKUAH
Nasu Kadonteng,LAUK PAUK BASAH TIDAK BERKUAH
Nasu Likku,LAUK PAUK BASAH TIDAK BERKUAH
Nasu Tjemba,LAUK PAUK BASAH TIDAK BERKUAH
Nasu Wolio,LAUK PAUK BASAH TIDAK BERKUAH
Nihasumba,LAUK PAUK BASAH TIDAK BERKUAH
Nilabar,LAUK PAUK BASAH TIDAK BERKUAH
Nilomang,LAUK PAUK BASAH TIDAK BERKUAH
Njat Njatan Ajam,LAUK PAUK BASAH TIDAK BERKUAH
Njomok Tempe,LAUK PAUK BASAH TIDAK BERKUAH
Norohombi,LAUK PAUK BASAH TIDAK BERKUAH
Tjakra,DJADJANAN
Tjala Isi,DJADJANAN
Tjapeng,DJADJANAN
Tjorobikang,DJADJANAN
Tjara Bikang,DJADJANAN
Tjara Berdapa,DJADJANAN
Tjara Gesing,DJADJANAN
Tjekah,DJADJANAN
Tjelempungan,DJADJANAN
Tjemplon,DJADJANAN
Tjengkir Manis,DJADJANAN
Tjenil,DJADJANAN
Tjeriping Sukun,DJADJANAN
Tjimprung,DJADJANAN
Tjingkiang,DJADJANAN
Tjotot,DJADJANAN
Tjukok,DJADJANAN
Tjutjur Loka,DJADJANAN
Toli Toli,DJADJANAN
Topeng Manaung,DJADJANAN
Towok,DJADJANAN
Tuk Bentul,DJADJANAN
Tulband,DJADJANAN
Tumbi,DJADJANAN
Ulen,DJADJANAN
Ulin Ulin,DJADJANAN
Unti Aron,DJADJANAN
Utri Djagung,DJADJANAN
Vanei,DJADJANAN
Vitello Sprits,DJADJANAN
Wadjik,DJADJANAN
Wadjik Kentang,DJADJANAN
Wadjik Kletik,DJADJANAN
Widaran,DJADJANAN
Badjigur,MINUMAN
Bowl Buah'an,MINUMAN
Cacao Telur,MINUMAN
Es Krim Adpokat,MINUMAN
Es Buah'an,MINUMAN
Es Kelapa Muda,MINUMAN
Es Krim Tjoklat,MINUMAN
Es Krim Sirsak,MINUMAN
Es Krim Panili,MINUMAN
Es Sjanghai,MINUMAN
Es Tjintjao,MINUMAN
Fosco,MINUMAN
Pangalumi,MINUMAN
Pokak Saripu,MINUMAN
Serbat Kuweni,MINUMAN
Sekoteng,MINUMAN
Sitrun Telur,MINUMAN
Sorbat Djeruk,MINUMAN
Susu Djeruk,MINUMAN
Susu Telur,MINUMAN
Tjao,MINUMAN
Tjendol Djagung,MINUMAN
Tjendol Maizena,MINUMAN
Tjendol Sagu,MINUMAN
Wedang Gaul,MINUMAN
Wedang Ronde,MINUMAN
Wedang Sereh,MINUMAN
Wedang Tape,MINUMAN
Wedang Tomat,MINUMAN
Wedang Ublek,MINUMAN
Pindang Ikan,LAUK PAUK BASAH - BERKUAH
Pindang Serani,LAUK PAUK BASAH - BERKUAH
Rawon,LAUK PAUK BASAH - BERKUAH
Sajur Asem,LAUK PAUK BASAH - BERKUAH
Sajur Asem Batang Keladi,LAUK PAUK BASAH - BERKUAH
Sajur Asem Djakarta,LAUK PAUK BASAH - BERKUAH
Sajur Asem Kangkung,LAUK PAUK BASAH - BERKUAH
Sajur Asem Katjang Rudji,LAUK PAUK BASAH - BERKUAH
Sajur Asem Ojong,LAUK PAUK BASAH - BERKUAH
Sajur Asem Pedas,LAUK PAUK BASAH - BERKUAH
Sajur Asem Sawi,LAUK PAUK BASAH - BERKUAH
Sajur Belimbing Wuluh,LAUK PAUK BASAH - BERKUAH
Sajur Bening Djagung Muda,LAUK PAUK BASAH - BERKUAH
Sajur Bening Katjang Pandjang,LAUK PAUK BASAH - BERKUAH
Sajur Bening Nangka Muda,LAUK PAUK BASAH - BERKUAH
Sajur Bening Tempe,LAUK PAUK BASAH - BERKUAH
Sajur Bening Terong,LAUK PAUK BASAH - BERKUAH
Sajur Betik,LAUK PAUK BASAH - BERKUAH
Sajur Bobor,LAUK PAUK BASAH - BERKUAH
Sajur Bobor Bajam,LAUK PAUK BASAH - BERKUAH
Sajur Bobor Daun Kelor,LAUK PAUK BASAH - BERKUAH
Sajur Bobor Sawi,LAUK PAUK BASAH - BERKUAH
Sajur Bobor Terong,LAUK PAUK BASAH - BERKUAH
Sajur Buah Kelor,LAUK PAUK BASAH - BERKUAH
Sajur Daun Daunan,LAUK PAUK BASAH - BERKUAH
Sajur Daun Lumbu,LAUK PAUK BASAH - BERKUAH
Sajur Daun Semanggi,LAUK PAUK BASAH - BERKUAH
Sajur Daun Ubi Tumbuk,LAUK PAUK BASAH - BERKUAH
Sajur Djantung,LAUK PAUK BASAH - BERKUAH
Sajur Gadang,LAUK PAUK BASAH - BERKUAH
Sajur Ganemu,LAUK PAUK BASAH - BERKUAH
Sajur Gili,LAUK PAUK BASAH - BERKUAH
Sajur Gurih,LAUK PAUK BASAH - BERKUAH
Sajur Gurih Labu,LAUK PAUK BASAH - BERKUAH
Sajur Katjang,LAUK PAUK BASAH - BERKUAH
Sajur Katjang Merah,LAUK PAUK BASAH - BERKUAH
Sajur Keluwih,LAUK PAUK BASAH - BERKUAH
Sajur Ketjambah Kedele,LAUK PAUK BASAH - BERKUAH
Sajur Kimlo,LAUK PAUK BASAH - BERKUAH
Sajur Kumbu,LAUK PAUK BASAH - BERKUAH
Sajur Lelawar,LAUK PAUK BASAH - BERKUAH
Sajur Lemeng,LAUK PAUK BASAH - BERKUAH
Sajur Liklik,LAUK PAUK BASAH - BERKUAH
Sajur Lombok Hidjau,LAUK PAUK BASAH - BERKUAH
Sajur Lompong,LAUK PAUK BASAH - BERKUAH
Sajur Lumbu Pedas,LAUK PAUK BASAH - BERKUAH
Sajur Lumbu Tidak Pedas,LAUK PAUK BASAH - BERKUAH
Sajur Lontjom,LAUK PAUK BASAH - BERKUAH
Sajur Manipol Usdek,LAUK PAUK BASAH - BERKUAH
Sajur Maritja,LAUK PAUK BASAH - BERKUAH
Sajur Menir,LAUK PAUK BASAH - BERKUAH
Sajur Menir Daun Kelor,LAUK PAUK BASAH - BERKUAH
Sajur Menir Kental,LAUK PAUK BASAH - BERKUAH
Sajur Menir Kol,LAUK PAUK BASAH - BERKUAH
Sajur Nangka Muda,LAUK PAUK BASAH - BERKUAH
Sajur Ojong,LAUK PAUK BASAH - BERKUAH
Sajur Pepaja Muda,LAUK PAUK BASAH - BERKUAH
Sajur Pindang,LAUK PAUK BASAH - BERKUAH
Sajur Podomoro,LAUK PAUK BASAH - BERKUAH
Sajur Putjuk Labu,LAUK PAUK BASAH - BERKUAH
Sajur Putri Gunung,LAUK PAUK BASAH - BERKUAH
Sajur Rambanan,LAUK PAUK BASAH - BERKUAH
Sajur Rebung,LAUK PAUK BASAH - BERKUAH
Sajur Sawi Hidjau,LAUK PAUK BASAH - BERKUAH
Sajur Sawi Putih,LAUK PAUK BASAH - BERKUAH
Sajur Sibulung Pulung,LAUK PAUK BASAH - BERKUAH
Sajur Tjupang,LAUK PAUK BASAH - BERKUAH
Sajur Ulih,LAUK PAUK BASAH - BERKUAH
Sajur Uni,LAUK PAUK BASAH - BERKUAH
Sajur Undis dan Bunga,LAUK PAUK BASAH - BERKUAH
Kembodja,LAUK PAUK BASAH - BERKUAH
Sajur Usik,LAUK PAUK BASAH - BERKUAH
Sambal Godok,LAUK PAUK BASAH - BERKUAH
Sambal Goreng Buntjis,LAUK PAUK BASAH - BERKUAH
Sambal Goreng Djagung,LAUK PAUK BASAH - BERKUAH
Sambal Goreng Djeroan,LAUK PAUK BASAH - BERKUAH
Bebek,LAUK PAUK BASAH - BERKUAH
Sambal Goreng Ikan Kakap,LAUK PAUK BASAH - BERKUAH
Terantjam Terong,LAUK PAUK BASAH TIDAK BERKUAH
Teri Rimbang,LAUK PAUK BASAH TIDAK BERKUAH
Terik Daun Melindjo,LAUK PAUK BASAH TIDAK BERKUAH
Terik Djengkol,LAUK PAUK BASAH TIDAK BERKUAH
Terik Garing,LAUK PAUK BASAH TIDAK BERKUAH
Terik Katjang Pandjang,LAUK PAUK BASAH TIDAK BERKUAH
Terik Tahu dan Tempe,LAUK PAUK BASAH TIDAK BERKUAH
Terik Tempe,LAUK PAUK BASAH TIDAK BERKUAH
Terung Isi,LAUK PAUK BASAH TIDAK BERKUAH
Tim Bebek,LAUK PAUK BASAH TIDAK BERKUAH
Timbungan,LAUK PAUK BASAH TIDAK BERKUAH
Tjabik Bandeng,LAUK PAUK BASAH TIDAK BERKUAH
Tjah Djagung Muda,LAUK PAUK BASAH TIDAK BERKUAH
Tjah Djuhi,LAUK PAUK BASAH TIDAK BERKUAH
Tjah Hati Babi,LAUK PAUK BASAH TIDAK BERKUAH
Tjah Kangkung,LAUK PAUK BASAH TIDAK BERKUAH
Tjah Sajur Asin,LAUK PAUK BASAH TIDAK BERKUAH
Tjah Daging,LAUK PAUK BASAH TIDAK BERKUAH
Tjap Tjai Daun Sawi,LAUK PAUK BASAH TIDAK BERKUAH
Tjap Tjai Tjah,LAUK PAUK BASAH TIDAK BERKUAH
Tjemeding,LAUK PAUK BASAH TIDAK BERKUAH
Tjay Siem Tjah,LAUK PAUK BASAH TIDAK BERKUAH
Tjili Djagung,LAUK PAUK BASAH TIDAK BERKUAH
Tjoan Tjoan,LAUK PAUK BASAH TIDAK BERKUAH
Tjorpot,LAUK PAUK BASAH TIDAK BERKUAH
Tollo Pamarasan,LAUK PAUK BASAH TIDAK BERKUAH
Tomat Isi Djagung Muda,LAUK PAUK BASAH TIDAK BERKUAH
Tum Ajam,LAUK PAUK BASAH TIDAK BERKUAH
Tum Daging,LAUK PAUK BASAH TIDAK BERKUAH
Tumis Bajam dan Djagung Muda,LAUK PAUK BASAH TIDAK BERKUAH
Tumis Bunga Durian,LAUK PAUK BASAH TIDAK BERKUAH
Tumis Buntjis,LAUK PAUK BASAH TIDAK BERKUAH
Tumis Djagung Lombok Hidjau,LAUK PAUK BASAH TIDAK BERKUAH
Tumis Ikan,LAUK PAUK BASAH TIDAK BERKUAH
Tumis Kangkung,LAUK PAUK BASAH TIDAK BERKUAH
Tumis Katjang Putih,LAUK PAUK BASAH TIDAK BERKUAH
Tumis Kol,LAUK PAUK BASAH TIDAK BERKUAH
Tumis Laman,LAUK PAUK BASAH TIDAK BERKUAH
Tumis Nus,LAUK PAUK BASAH TIDAK BERKUAH
Tumis Ojong,LAUK PAUK BASAH TIDAK BERKUAH
Tumis Pindang,LAUK PAUK BASAH TIDAK BERKUAH
Tumis Santan Ganemu,LAUK PAUK BASAH TIDAK BERKUAH
Tumis Taoge,LAUK PAUK BASAH TIDAK BERKUAH
Tumis Taoge dan Ojong,LAUK PAUK BASAH TIDAK BERKUAH
Tumis Tahu dengan Sawi,LAUK PAUK BASAH TIDAK BERKUAH
Tumis Tahu Tangi,LAUK PAUK BASAH TIDAK BERKUAH
Tumis Tempojak,LAUK PAUK BASAH TIDAK BERKUAH
Tumis Terasi,LAUK PAUK BASAH TIDAK BERKUAH
Tumis Udang,LAUK PAUK BASAH TIDAK BERKUAH
Tumpang,LAUK PAUK BASAH TIDAK BERKUAH
Ulang Ulang,LAUK PAUK BASAH TIDAK BERKUAH
Ungker Ungker,LAUK PAUK BASAH TIDAK BERKUAH
Untup Untup,LAUK PAUK BASAH TIDAK BERKUAH
Urap,LAUK PAUK BASAH TIDAK BERKUAH
Urap Daun Kentjur,LAUK PAUK BASAH TIDAK BERKUAH
Urap Daun Mengkudu,LAUK PAUK BASAH TIDAK BERKUAH
Urap Djagung Muda,LAUK PAUK BASAH TIDAK BERKUAH
Urap Engos Engos,LAUK PAUK BASAH TIDAK BERKUAH
Utan Tuktuk,LAUK PAUK BASAH TIDAK BERKUAH
Waluh Djipang Bumbu Mi,LAUK PAUK BASAH TIDAK BERKUAH
Warva Au,LAUK PAUK BASAH TIDAK BERKUAH
Abon Bebek,LAUK PAUK GORENGAN
Abon Gurami,LAUK PAUK GORENGAN
Abon Kembang Djengger,LAUK PAUK GORENGAN
Abon Peda,LAUK PAUK GORENGAN
Ajam Berek,LAUK PAUK GORENGAN
Ajam Goreng,LAUK PAUK GORENGAN
Ajam Tjintjane,LAUK PAUK GORENGAN
Badjabu Bale,LAUK PAUK GORENGAN
Bakwan Djagung,LAUK PAUK GORENGAN
Bakwan Tahu,LAUK PAUK GORENGAN
Bekasem,LAUK PAUK GORENGAN
Bilitango,LAUK PAUK GORENGAN
Dadar Isi,LAUK PAUK GORENGAN
Dadar Kelapa Muda,LAUK PAUK GORENGAN
Dadar Tahu,LAUK PAUK GORENGAN
Bolu Lapis,DJADJANAN
Bolu Mutiara,DJADJANAN
Bongko,DJADJANAN
Bongko Gude,DJADJANAN
Bongko Katjang Tolo,DJADJANAN
Bongko Menir,DJADJANAN
Bongko Pisang,DJADJANAN
Bongko Tjundjuk,DJADJANAN
Boterletter,DJADJANAN
Bubua Samba,DJADJANAN
Bubur Aron,DJADJANAN
Bubur Bekatul Djagung,DJADJANAN
Bubur Delima,DJADJANAN
Bubur Djagung Muda,DJADJANAN
Bubur Gampang Enak,DJADJANAN
Bubur Grendul,DJADJANAN
Bubur Gurih,DJADJANAN
Bubur Katjang Hidjau,DJADJANAN
Bubur Katjang Hidjau (Samarinda),DJADJANAN
Bubur Menir Djagung,DJADJANAN
Bubur Nira,DJADJANAN
Bubur Protjot,DJADJANAN
Bubur Sagu,DJADJANAN
Bubur Sagu Rangi,DJADJANAN
Bubur Samarinda,DJADJANAN
Bubur Saren,DJADJANAN
Bubur Sehat,DJADJANAN
Bubur Tepung Djagung,DJADJANAN
Bubur Tjandil,DJADJANAN
Bugis Singkong,DJADJANAN
Bugis Ubi,DJADJANAN
Bunga Dahlia,DJADJANAN
Bunga Kerang,DJADJANAN
Buras,DJADJANAN
Bungkul,DJADJANAN
Burangasa,DJADJANAN
Bustana Djagung,DJADJANAN
Cake,DJADJANAN
Cake Djahe,DJADJANAN
Cake Djagung,DJADJANAN
Cake Marmer,DJADJANAN
Cake Nenas,DJADJANAN
Cake Singkong,DJADJANAN
Caramel Vla,DJADJANAN
Chateau De Sumatera,DJADJANAN
Champurado,DJADJANAN
Chilaquiles,DJADJANAN
Dadar Beras Ketan,DJADJANAN
Dadar Djagung,DJADJANAN
Dadar Singkong,DJADJANAN
Dadiah,DJADJANAN
Dembaran,DJADJANAN
Demplo Djagung,DJADJANAN
Djadah,DJADJANAN
Djadja Bantal,DJADJANAN
Djadja Kining,DJADJANAN
Djadja Sabun,DJADJANAN
Djadja Tali Reta,DJADJANAN
Djagung Bakar,DJADJANAN
Djedjorong,DJADJANAN
Djenang,DJADJANAN
Djenang Djagung (Malang),DJADJANAN
Djenang Djagung (Palembang),DJADJANAN
Djenang Gaplek,DJADJANAN
Djenang Katjang Hidjau,DJADJANAN
Djenang Pelok,DJADJANAN
Djenang Tawonan,DJADJANAN
Djenang Upilh,DJADJANAN
Djenggoro,DJADJANAN
Djengki,DJADJANAN
Djipang,DJADJANAN
Djongkong,DJADJANAN
Djongkong Sela,DJADJANAN
Djubleg,DJADJANAN
Dodol Balingbing,DJADJANAN
Dodol Durian,DJADJANAN
Dodol Katjang Idjo,DJADJANAN
Sambal Rusip,SAMBAL SAMBALAN
Sambal Sari Kering,SAMBAL SAMBALAN
Sambal Sate Ajam,SAMBAL SAMBALAN
Sambal Tautjo,SAMBAL SAMBALAN
Sambal Tappa,SAMBAL SAMBALAN
Sambal Tempe Bosok,SAMBAL SAMBALAN
Sambal Tempojak,SAMBAL SAMBALAN
Sambal Tepung,SAMBAL SAMBALAN
Sambal Teri,SAMBAL SAMBALAN
Sambal Teri Goreng,SAMBAL SAMBALAN
Sambal Terong,SAMBAL SAMBALAN
Sambal Terong Goreng,SAMBAL SAMBALAN
Sambal Tjabuk,SAMBAL SAMBALAN
Sambal Tjangkediro,SAMBAL SAMBALAN
Sambal Tahu Tomat,SAMBAL SAMBALAN
Sambal Tomat Goreng,SAMBAL SAMBALAN
Sambal Udang,SAMBAL SAMBALAN
Sambal Widjen,SAMBAL SAMBALAN
Abug Matjan Ubi Kaju,DJADJANAN
Agar² Sarikaja,DJADJANAN
Ajung Ajung,DJADJANAN
Ambal,DJADJANAN
Amparan Tatak Sagu,DJADJANAN
Ampiang Badadiah,DJADJANAN
Amprut,DJADJANAN
Angleng,DJADJANAN
Antakusuma,DJADJANAN
Apem,DJADJANAN
Apem Djagung,DJADJANAN
Apem Dumbo,DJADJANAN
Apem Madura,DJADJANAN
Apem Paranggi,DJADJANAN
Apem Parsanga,DJADJANAN
Apem Singkong,DJADJANAN
Arerut Tjepot,DJADJANAN
Aria Kusuma,DJADJANAN
Asmorodono,DJADJANAN
Awug Awug,DJADJANAN
Awug Awug Aron,DJADJANAN
Awug Awug Djagung,DJADJANAN
Awug Awug Mutiara,DJADJANAN
Babai Maring,DJADJANAN
Babingka,DJADJANAN
Baeba,DJADJANAN
Bagea,DJADJANAN
Bakmi Kaldu,DJADJANAN
Balung Kuwuk,DJADJANAN
Bambalungan Ajam,DJADJANAN
Bangket Bekatul,DJADJANAN
Bantal Ketan,DJADJANAN
Baro Baro,DJADJANAN
Barongko,DJADJANAN
Barubik,DJADJANAN
Batun Bedil,DJADJANAN
Begine,DJADJANAN
Bendu,DJADJANAN
Bengawan Solo,DJADJANAN
Berdapan,DJADJANAN
Bidji Bangkinang,DJADJANAN
Bidji Salak,DJADJANAN
Bika Ambon,DJADJANAN
Bika Djawa Pona,DJADJANAN
Bika Putih,DJADJANAN
Biluluhe,DJADJANAN
Bilus,DJADJANAN
Blanggem,DJADJANAN
Bola Anget,DJADJANAN
Bola Bola,DJADJANAN
Bola Bola Bandeng,DJADJANAN
Bola Bola Nenas,DJADJANAN
Bola Bola Tahu,DJADJANAN
Bolang Baling,DJADJANAN
Bolu,DJADJANAN
Bolu Brai,DJADJANAN
Bolu Gulung,DJADJANAN
Bolu Kodja,DJADJANAN
Bolu Kodja Lunak,DJADJANAN
Bolu Koja,DJADJANAN
Perkedel Panggang,LAUK PAUK BAKAR
Piong Duku Bai,LAUK PAUK BAKAR
Piong Duku Manuk,LAUK PAUK BAKAR
Sate Ajam,LAUK PAUK BAKAR
Sate Ajam Rendang,LAUK PAUK BAKAR
Sate Asam Manis,LAUK PAUK BAKAR
Sate Babi,LAUK PAUK BAKAR
Sate Bandeng,LAUK PAUK BAKAR
Sate Bumbu Dendeng,LAUK PAUK BAKAR
Sate Gapit,LAUK PAUK BAKAR
Sate Gurih,LAUK PAUK BAKAR
Sate Kerang,LAUK PAUK BAKAR
Sate Lidah,LAUK PAUK BAKAR
Sate Lilit,LAUK PAUK BAKAR
Sate Manis,LAUK PAUK BAKAR
Sate Manis Tempe,LAUK PAUK BAKAR
Sate Madura,LAUK PAUK BAKAR
Sate Memangut,LAUK PAUK BAKAR
Sate Padang,LAUK PAUK BAKAR
Sate Penju,LAUK PAUK BAKAR
Sate Prentul,LAUK PAUK BAKAR
Sate Pusut,LAUK PAUK BAKAR
Sate Tjirebon,LAUK PAUK BAKAR
Sate Udang,LAUK PAUK BAKAR
Sate Udang Menado,LAUK PAUK BAKAR
Sate Usus,LAUK PAUK BAKAR
Taoge Goreng,LAUK PAUK BAKAR
Timbung,LAUK PAUK BAKAR
Tufi,LAUK PAUK BAKAR
Udang Gapit,LAUK PAUK BAKAR
Urip Urip,LAUK PAUK BAKAR
Asam Kemamah (Sambal Ikan Kaju),SAMBAL SAMBALAN
Luat,SAMBAL SAMBALAN
Sambal Paluik,SAMBAL SAMBALAN
Sambal Badjak,SAMBAL SAMBALAN
Sambal Badjak Daging,SAMBAL SAMBALAN
Sambal Bangket,SAMBAL SAMBALAN
Sambal Banteng,SAMBAL SAMBALAN
Sambal Bantji,SAMBAL SAMBALAN
Sambal Batjang,SAMBAL SAMBALAN
Sambal Belimbing,SAMBAL SAMBALAN
Sambal Belondo,SAMBAL SAMBALAN
Sambal Biasa,SAMBAL SAMBALAN
Sambal Bubuk Kedele,SAMBAL SAMBALAN
Sambal Bumbu Megono,SAMBAL SAMBALAN
Sambal Buntil,SAMBAL SAMBALAN
Sambal Daun Pagagah,SAMBAL SAMBALAN
Sambal Djagung,SAMBAL SAMBALAN
Sambal Djenggot,SAMBAL SAMBALAN
Sambal Gado Gado,SAMBAL SAMBALAN
Sambal Gandaria,SAMBAL SAMBALAN
Sambal Gandaria dengan Ebi,SAMBAL SAMBALAN
Sambal Gude,SAMBAL SAMBALAN
Sambal Ikan Kering,SAMBAL SAMBALAN
Sambal Katjang,SAMBAL SAMBALAN
Sambal Katjang Tjuka,SAMBAL SAMBALAN
Sambal Kelapa,SAMBAL SAMBALAN
Sambal Keluwak,SAMBAL SAMBALAN
Sambal Kemangi,SAMBAL SAMBALAN
Sambal Kemiri,SAMBAL SAMBALAN
Sambal Kentjur Lalab,SAMBAL SAMBALAN
Ketimun,SAMBAL SAMBALAN
Sambal Kento,SAMBAL SAMBALAN
Sambal Ketjambah,SAMBAL SAMBALAN
Sambal Lado Hidjau,SAMBAL SAMBALAN
Sambal Lado Uap,SAMBAL SAMBALAN
Sambal Lingkung,SAMBAL SAMBALAN
Sambal Minjak,SAMBAL SAMBALAN
Sambal Mustafa,SAMBAL SAMBALAN
Sambal Nenas,SAMBAL SAMBALAN
Sambal Ontjom,SAMBAL SAMBALAN
Sambal Parado,SAMBAL SAMBALAN
Sambal Penganten,SAMBAL SAMBALAN
Sambal Padeh,SAMBAL SAMBALAN
Sambal Petai,SAMBAL SAMBALAN
Sambal Petjel,SAMBAL SAMBALAN
Sambal Pletjong,SAMBAL SAMBALAN
Dodol Katjang Merah,DJADJANAN
Dodol Kentang,DJADJANAN
Dodol Manalika,DJADJANAN
Dodol Nangka,DJADJANAN
Dodol Pelok,DJADJANAN
Dodol Pisang,DJADJANAN
Dodol Tape,DJADJANAN
Dodol Tjereme,DJADJANAN
Dodoro Dale,DJADJANAN
Doko Doko Benni,DJADJANAN
Donat Nagri,DJADJANAN
Dugo,DJADJANAN
Dumbeg,DJADJANAN
Dumpi Kebo,DJADJANAN
Ekor Kuning dalam Kolam,DJADJANAN
Empek Empek Dos,DJADJANAN
Empek Empek Lenggang,DJADJANAN
Empek Empek Model,DJADJANAN
Empek Empek Panggang,DJADJANAN
Empek Empek Telur (Kapal Selam),DJADJANAN
Empek Empek Djagung,DJADJANAN
Engkat Ketan,DJADJANAN
Engkok Bandar,DJADJANAN
Eurimoo,DJADJANAN
Gabuk Ampal,DJADJANAN
Gablok,DJADJANAN
Gado Gado,DJADJANAN
Gado Gado Mentah,DJADJANAN
Gagadoh Tiwadak,DJADJANAN
Gagaok,DJADJANAN
Gandos,DJADJANAN
Ganefo Ketela,DJADJANAN
Garbuk,DJADJANAN
Gatot,DJADJANAN
Gatot Gadung,DJADJANAN
Geblek,DJADJANAN
Gegado,DJADJANAN
Gegodoh,DJADJANAN
Gelamai,DJADJANAN
Gelombang Samudra,DJADJANAN
Gelung Teleng,DJADJANAN
Gemblep,DJADJANAN
Gemblong Ireng,DJADJANAN
Gendar,DJADJANAN
Geplak Djahe,DJADJANAN
Geplak Duren,DJADJANAN
Geplak Mrambus,DJADJANAN
Geplak Nangka,DJADJANAN
Geplak Panili,DJADJANAN
Geplak Sirsak,DJADJANAN
Getas,DJADJANAN
Getuk,DJADJANAN
Getuk Guling,DJADJANAN
Getuk Lindri,DJADJANAN
Getuk Talas,DJADJANAN
Gohu,DJADJANAN
Golut,DJADJANAN
Goreng Nangka,DJADJANAN
Granat Muntjrat,DJADJANAN
Grawul,DJADJANAN
Growol,DJADJANAN
Gudir,DJADJANAN
Gulampo,DJADJANAN
Hagau,DJADJANAN
Harder Wiener,DJADJANAN
Havermout Koekjes,DJADJANAN
Hunkue,DJADJANAN
Intalu Karuang,DJADJANAN
Iwel,DJADJANAN
Iwel Iwel,DJADJANAN
Janhagel,DJADJANAN
Kaastaart,DJADJANAN
Kaju Manis,DJADJANAN
Kakitjak Budjang,DJADJANAN
Kakitjak Tjakur,DJADJANAN
Kaliadren,DJADJANAN
Kalo Kalo,DJADJANAN
Kalomben,DJADJANAN
Kambewe,DJADJANAN
Pepes Ontjom,LAUK PAUK BASAH TIDAK BERKUAH
Pepes Peda,LAUK PAUK BASAH TIDAK BERKUAH
Pepes Peda Bumbu Kelapa,LAUK PAUK BASAH TIDAK BERKUAH
Pepes Peda Daun Singkong,LAUK PAUK BASAH TIDAK BERKUAH
Pepes Tahu,LAUK PAUK BASAH TIDAK BERKUAH
Pepes Telur Ikan,LAUK PAUK BASAH TIDAK BERKUAH
Pepes Tawon,LAUK PAUK BASAH TIDAK BERKUAH
Pepes Tempe,LAUK PAUK BASAH TIDAK BERKUAH
Pepes Tjendawan,LAUK PAUK BASAH TIDAK BERKUAH
Pepes Udang,LAUK PAUK BASAH TIDAK BERKUAH
Pesmol Gurami,LAUK PAUK BASAH TIDAK BERKUAH
Pesmol Ikan Laut,LAUK PAUK BASAH TIDAK BERKUAH
Perkedel Kukus,LAUK PAUK BASAH TIDAK BERKUAH
Petis Bumbon,LAUK PAUK BASAH TIDAK BERKUAH
Petjel,LAUK PAUK BASAH TIDAK BERKUAH
Petjel Ajam,LAUK PAUK BASAH TIDAK BERKUAH
Petjel Bunga Turi,LAUK PAUK BASAH TIDAK BERKUAH
Petjel Djantung Pisang,LAUK PAUK BASAH TIDAK BERKUAH
Petjel Panggang Ajam,LAUK PAUK BASAH TIDAK BERKUAH
Petjel Panggang Ikan,LAUK PAUK BASAH TIDAK BERKUAH
Petjel Terong,LAUK PAUK BASAH TIDAK BERKUAH
Petjel Tumpang,LAUK PAUK BASAH TIDAK BERKUAH
Petola Daging,LAUK PAUK BASAH TIDAK BERKUAH
Pilitode,LAUK PAUK BASAH TIDAK BERKUAH
Pindang,LAUK PAUK BASAH TIDAK BERKUAH
Pindang Bandeng,LAUK PAUK BASAH TIDAK BERKUAH
Pindang Ikan Tandjan,LAUK PAUK BASAH TIDAK BERKUAH
Pindang Ketjap,LAUK PAUK BASAH TIDAK BERKUAH
Pindang Kuning Ikan Balang,LAUK PAUK BASAH TIDAK BERKUAH
Pindang Satria,LAUK PAUK BASAH TIDAK BERKUAH
Pindang Telur,LAUK PAUK BASAH TIDAK BERKUAH
Pindang Tempe Bosok,LAUK PAUK BASAH TIDAK BERKUAH
Pu Jong Hay,LAUK PAUK BASAH TIDAK BERKUAH
Pu Jong Hay Djagung Muda,LAUK PAUK BASAH TIDAK BERKUAH
Rabek,LAUK PAUK BASAH TIDAK BERKUAH
Radjang Ajam,LAUK PAUK BASAH TIDAK BERKUAH
Ragout Dalam Kerang,LAUK PAUK BASAH TIDAK BERKUAH
Ritja Ritja,LAUK PAUK BASAH TIDAK BERKUAH
Ritja Ritja Ajam,LAUK PAUK BASAH TIDAK BERKUAH
Ritja Ritja Ikan,LAUK PAUK BASAH TIDAK BERKUAH
Ritja Rodoh,LAUK PAUK BASAH TIDAK BERKUAH
Saba' Au,LAUK PAUK BASAH TIDAK BERKUAH
Sabrah Au,LAUK PAUK BASAH TIDAK BERKUAH
Sangsang,LAUK PAUK BASAH TIDAK BERKUAH
Sasate,LAUK PAUK BASAH TIDAK BERKUAH
Selada Ikan Laut,LAUK PAUK BASAH TIDAK BERKUAH
Selada Itali,LAUK PAUK BASAH TIDAK BERKUAH
Selada Tjampur,LAUK PAUK BASAH TIDAK BERKUAH
Selada Tomat,LAUK PAUK BASAH TIDAK BERKUAH
Semaji,LAUK PAUK BASAH TIDAK BERKUAH
Sengkuang,LAUK PAUK BASAH TIDAK BERKUAH
Sepat,LAUK PAUK BASAH TIDAK BERKUAH
Serapah Daging,LAUK PAUK BASAH TIDAK BERKUAH
Serombotan,LAUK PAUK BASAH TIDAK BERKUAH
Seruwit,LAUK PAUK BASAH TIDAK BERKUAH
Setam Tenerem,LAUK PAUK BASAH TIDAK BERKUAH
Setup Buntjis,LAUK PAUK BASAH TIDAK BERKUAH
Setup Buntjis Bulat,LAUK PAUK BASAH TIDAK BERKUAH
Setup Djagung Muda,LAUK PAUK BASAH TIDAK BERKUAH
Setup Gurami,LAUK PAUK BASAH TIDAK BERKUAH
Setup Ikan,LAUK PAUK BASAH TIDAK BERKUAH
Setup Tomat dan Prei,LAUK PAUK BASAH TIDAK BERKUAH
Sinalenggam,LAUK PAUK BASAH TIDAK BERKUAH
Singgang Ajam,LAUK PAUK BASAH TIDAK BERKUAH
Siram Lombok,LAUK PAUK BASAH TIDAK BERKUAH
Tahu Bakso,LAUK PAUK BASAH TIDAK BERKUAH
Tahu Bumbu Bali,LAUK PAUK BASAH TIDAK BERKUAH
Tambusan,LAUK PAUK BASAH TIDAK BERKUAH
Telur Bumbu Bali,LAUK PAUK BASAH TIDAK BERKUAH
Telur Gambuang,LAUK PAUK BASAH TIDAK BERKUAH
Telur Petis,LAUK PAUK BASAH TIDAK BERKUAH
Terantjam,LAUK PAUK BASAH TIDAK BERKUAH
Terantjam Bunga Pisang,LAUK PAUK BASAH TIDAK BERKUAH
Terantjam Ikan Panggang,LAUK PAUK BASAH TIDAK BERKUAH
Terantjam Ketimun dan Batang Kuntji,LAUK PAUK BASAH TIDAK BERKUAH
Terantjam Mangga Muda,LAUK PAUK BASAH TIDAK BERKUAH
Terantjam Petai Tjina,LAUK PAUK BASAH TIDAK BERKUAH
Terantjam Seledri Taoge Kemangi,LAUK PAUK BASAH TIDAK BERKUAH
